{"host":"","protocol":"http","port_map":null,"cpu_shares":90,"restart":"unless-stopped","label":"flamboyant_vaughan","position":false,"index":"","icon":"https://icon.casaos.io/main/all/cloudflared.png","network_model":"bridge","image":"cloudflare/cloudflared:latest","description":"","origin":"local","ports":[],"volumes":[],"envs":[{"container":"PATH","host":"/usr/local/sbin:/usr/local/bin:/usr/sbin:/usr/bin:/sbin:/bin","desc":"","type":0},{"container":"SSL_CERT_FILE","host":"/etc/ssl/certs/ca-certificates.crt","desc":"","type":0}],"devices":[],"cap_add":[],"cmd":["tunnel","--no-autoupdate","run","--token","YOURTOKENHEREYOURTOKENHEREYOURTOKENHEREYOURTOKENHEREYOURTOKENHEREYOURTOKENHEREYOURTOKENHEREYOURTOKENHERE"],"privileged":false,"host_name":"b6f0d2db22db","container_name":"flamboyant_vaughan","appstore_id":0,"custom_id":"e6056fbc-30f9-4d68-8f93-98f9f235751b","enable_upnp":false,"version":"1.0"}